{
  "id": "5063171",
  "name": "妙享记账",
  "font_family": "iconfont",
  "css_prefix_text": "icon-",
  "description": "",
  "glyphs": [
    {
      "icon_id": "39003159",
      "name": "行高",
      "font_class": "hanggao",
      "unicode": "e60c",
      "unicode_decimal": 58892
    },
    {
      "icon_id": "45168492",
      "name": "办公与编辑-H1",
      "font_class": "bangongyubianji-H1",
      "unicode": "ea15",
      "unicode_decimal": 59925
    },
    {
      "icon_id": "16678535",
      "name": "h1",
      "font_class": "h1",
      "unicode": "e6a6",
      "unicode_decimal": 59046
    },
    {
      "icon_id": "7009384",
      "name": "H1-22",
      "font_class": "H-",
      "unicode": "e68d",
      "unicode_decimal": 59021
    },
    {
      "icon_id": "45734827",
      "name": "行高",
      "font_class": "hanggao3",
      "unicode": "e610",
      "unicode_decimal": 58896
    },
    {
      "icon_id": "19296155",
      "name": "03下划线",
      "font_class": "03xiahuaxian",
      "unicode": "e683",
      "unicode_decimal": 59011
    },
    {
      "icon_id": "739977",
      "name": "评论通知",
      "font_class": "pingluntongzhi",
      "unicode": "e60e",
      "unicode_decimal": 58894
    },
    {
      "icon_id": "3380573",
      "name": "重要提醒_Pro",
      "font_class": "zhongyaotixing_Pro",
      "unicode": "e749",
      "unicode_decimal": 59209
    },
    {
      "icon_id": "5628759",
      "name": "提醒时间",
      "font_class": "tixingshijian",
      "unicode": "e7a2",
      "unicode_decimal": 59298
    },
    {
      "icon_id": "19574897",
      "name": "successful referrals",
      "font_class": "successfulreferrals",
      "unicode": "e67d",
      "unicode_decimal": 59005
    },
    {
      "icon_id": "45395173",
      "name": "勿扰模式",
      "font_class": "wuraomoshi",
      "unicode": "e663",
      "unicode_decimal": 58979
    },
    {
      "icon_id": "7809168",
      "name": "日期",
      "font_class": "riqi",
      "unicode": "e64e",
      "unicode_decimal": 58958
    },
    {
      "icon_id": "5532900",
      "name": "收藏",
      "font_class": "shoucang1",
      "unicode": "e633",
      "unicode_decimal": 58931
    },
    {
      "icon_id": "6756281",
      "name": "加号",
      "font_class": "jiahao2",
      "unicode": "e60b",
      "unicode_decimal": 58891
    },
    {
      "icon_id": "10793725",
      "name": "撤销上一步_操作_jurassic",
      "font_class": "jurassic_laststep",
      "unicode": "e709",
      "unicode_decimal": 59145
    },
    {
      "icon_id": "23569352",
      "name": "下一步",
      "font_class": "xiayibu",
      "unicode": "e7a9",
      "unicode_decimal": 59305
    },
    {
      "icon_id": "77403",
      "name": "链接",
      "font_class": "lianjie",
      "unicode": "e601",
      "unicode_decimal": 58881
    },
    {
      "icon_id": "713385",
      "name": "加粗",
      "font_class": "jiacu",
      "unicode": "e61e",
      "unicode_decimal": 58910
    },
    {
      "icon_id": "1010216",
      "name": "图库",
      "font_class": "tuku",
      "unicode": "e64b",
      "unicode_decimal": 58955
    },
    {
      "icon_id": "10463886",
      "name": "有序列表",
      "font_class": "youxuliebiao",
      "unicode": "e628",
      "unicode_decimal": 58920
    },
    {
      "icon_id": "10463888",
      "name": "无序列表",
      "font_class": "wuxuliebiao",
      "unicode": "e62a",
      "unicode_decimal": 58922
    },
    {
      "icon_id": "10793700",
      "name": "字体颜色_文字操作_jurassic",
      "font_class": "jurassic_font-color",
      "unicode": "e704",
      "unicode_decimal": 59140
    },
    {
      "icon_id": "5532897",
      "name": "取消",
      "font_class": "quxiao",
      "unicode": "e631",
      "unicode_decimal": 58929
    },
    {
      "icon_id": "7727117",
      "name": "1加号",
      "font_class": "jiahao1",
      "unicode": "e63a",
      "unicode_decimal": 58938
    },
    {
      "icon_id": "3427880",
      "name": "向上",
      "font_class": "icon-",
      "unicode": "e62c",
      "unicode_decimal": 58924
    },
    {
      "icon_id": "7587956",
      "name": "垃圾桶",
      "font_class": "lajitong",
      "unicode": "e615",
      "unicode_decimal": 58901
    },
    {
      "icon_id": "3114812",
      "name": "没有数据",
      "font_class": "meiyoushuju",
      "unicode": "e60a",
      "unicode_decimal": 58890
    },
    {
      "icon_id": "5387988",
      "name": "分享_o",
      "font_class": "fenxiang_o",
      "unicode": "ebab",
      "unicode_decimal": 60331
    },
    {
      "icon_id": "20639870",
      "name": "搜索",
      "font_class": "sousuo",
      "unicode": "e667",
      "unicode_decimal": 58983
    },
    {
      "icon_id": "4782348",
      "name": "医院-医",
      "font_class": "yiyuan-yi",
      "unicode": "e621",
      "unicode_decimal": 58913
    },
    {
      "icon_id": "1221570",
      "name": "退款",
      "font_class": "refund",
      "unicode": "e629",
      "unicode_decimal": 58921
    },
    {
      "icon_id": "7889196",
      "name": "兼职",
      "font_class": "jianzhi",
      "unicode": "e60d",
      "unicode_decimal": 58893
    },
    {
      "icon_id": "10905590",
      "name": "红包",
      "font_class": "hongbao",
      "unicode": "e626",
      "unicode_decimal": 58918
    },
    {
      "icon_id": "11847408",
      "name": "奖金",
      "font_class": "jiangjin",
      "unicode": "e64a",
      "unicode_decimal": 58954
    },
    {
      "icon_id": "23823229",
      "name": "理财",
      "font_class": "licai",
      "unicode": "e68a",
      "unicode_decimal": 59018
    },
    {
      "icon_id": "27402316",
      "name": "工资",
      "font_class": "gongzi",
      "unicode": "ee16",
      "unicode_decimal": 60950
    },
    {
      "icon_id": "883877",
      "name": "交通",
      "font_class": "jiaotong",
      "unicode": "e609",
      "unicode_decimal": 58889
    },
    {
      "icon_id": "924702",
      "name": "其他",
      "font_class": "qita",
      "unicode": "e618",
      "unicode_decimal": 58904
    },
    {
      "icon_id": "1354923",
      "name": "教育",
      "font_class": "jiaoyu",
      "unicode": "e625",
      "unicode_decimal": 58917
    },
    {
      "icon_id": "18489971",
      "name": "游戏娱乐-fill",
      "font_class": "youxiyule-fill",
      "unicode": "e61f",
      "unicode_decimal": 58911
    },
    {
      "icon_id": "29139021",
      "name": "自住房",
      "font_class": "zizhufang",
      "unicode": "e743",
      "unicode_decimal": 59203
    },
    {
      "icon_id": "42230085",
      "name": "shopping-bag-4-fill",
      "font_class": "shopping-bag-4-fill",
      "unicode": "e7e3",
      "unicode_decimal": 59363
    },
    {
      "icon_id": "42983653",
      "name": "餐饮",
      "font_class": "canyin",
      "unicode": "101db",
      "unicode_decimal": 66011
    },
    {
      "icon_id": "108916",
      "name": "日历",
      "font_class": "rili",
      "unicode": "e601",
      "unicode_decimal": 58881
    },
    {
      "icon_id": "124495",
      "name": "警告",
      "font_class": "jinggao",
      "unicode": "e602",
      "unicode_decimal": 58882
    },
    {
      "icon_id": "761297",
      "name": "论坛",
      "font_class": "icon",
      "unicode": "e650",
      "unicode_decimal": 58960
    },
    {
      "icon_id": "933840",
      "name": "通知4",
      "font_class": "tongzhi4",
      "unicode": "e605",
      "unicode_decimal": 58885
    },
    {
      "icon_id": "1047308",
      "name": "消费次数",
      "font_class": "number1",
      "unicode": "e6f8",
      "unicode_decimal": 59128
    },
    {
      "icon_id": "1265484",
      "name": "加号",
      "font_class": "jiahao",
      "unicode": "e604",
      "unicode_decimal": 58884
    },
    {
      "icon_id": "1436872",
      "name": "客服邮箱",
      "font_class": "kefuyouxiang",
      "unicode": "e627",
      "unicode_decimal": 58919
    },
    {
      "icon_id": "2982652",
      "name": "个人信息",
      "font_class": "gerenxinxi",
      "unicode": "e62d",
      "unicode_decimal": 58925
    },
    {
      "icon_id": "3373127",
      "name": "我的",
      "font_class": "wode",
      "unicode": "e6ce",
      "unicode_decimal": 59086
    },
    {
      "icon_id": "5083733",
      "name": "用户协议",
      "font_class": "yonghuxieyi-",
      "unicode": "e61a",
      "unicode_decimal": 58906
    },
    {
      "icon_id": "5288597",
      "name": "问号",
      "font_class": "wenhao",
      "unicode": "e671",
      "unicode_decimal": 58993
    },
    {
      "icon_id": "6282743",
      "name": "关于我们",
      "font_class": "guanyuwomen",
      "unicode": "e6aa",
      "unicode_decimal": 59050
    },
    {
      "icon_id": "7366876",
      "name": "消息",
      "font_class": "xiaoxi",
      "unicode": "e612",
      "unicode_decimal": 58898
    },
    {
      "icon_id": "8307275",
      "name": "隐私保护-01",
      "font_class": "yinsibaohu-",
      "unicode": "e606",
      "unicode_decimal": 58886
    },
    {
      "icon_id": "8686348",
      "name": "手机验证",
      "font_class": "shoujiyanzheng",
      "unicode": "e639",
      "unicode_decimal": 58937
    },
    {
      "icon_id": "10273331",
      "name": "退出",
      "font_class": "tuichu",
      "unicode": "e607",
      "unicode_decimal": 58887
    },
    {
      "icon_id": "10969119",
      "name": "锁头",
      "font_class": "suotou",
      "unicode": "e638",
      "unicode_decimal": 58936
    },
    {
      "icon_id": "11298682",
      "name": "客服电话",
      "font_class": "kefudianhua",
      "unicode": "e603",
      "unicode_decimal": 58883
    },
    {
      "icon_id": "11372742",
      "name": "指纹",
      "font_class": "zhiwen",
      "unicode": "e8c2",
      "unicode_decimal": 59586
    },
    {
      "icon_id": "12554753",
      "name": "mpxiaomijiaocheng",
      "font_class": "jiaocheng",
      "unicode": "e608",
      "unicode_decimal": 58888
    },
    {
      "icon_id": "14666057",
      "name": "时钟倒计",
      "font_class": "shizhongdaoji",
      "unicode": "e72b",
      "unicode_decimal": 59179
    },
    {
      "icon_id": "14776177",
      "name": "折线图下降 ",
      "font_class": "zhexiantuxiajiang",
      "unicode": "e753",
      "unicode_decimal": 59219
    },
    {
      "icon_id": "14776178",
      "name": "折线图上升",
      "font_class": "zhexiantushangsheng",
      "unicode": "e754",
      "unicode_decimal": 59220
    },
    {
      "icon_id": "15643738",
      "name": "首页",
      "font_class": "shouye",
      "unicode": "e6b0",
      "unicode_decimal": 59056
    },
    {
      "icon_id": "21644812",
      "name": "icon-服务时间",
      "font_class": "icon-fuwushijian",
      "unicode": "e624",
      "unicode_decimal": 58916
    },
    {
      "icon_id": "77697",
      "name": "点赞",
      "font_class": "dianzan",
      "unicode": "e600",
      "unicode_decimal": 58880
    },
    {
      "icon_id": "2076265",
      "name": "评论",
      "font_class": "pinglun",
      "unicode": "e891",
      "unicode_decimal": 59537
    },
    {
      "icon_id": "5270852",
      "name": "收 藏-产品详情",
      "font_class": "shoucang",
      "unicode": "e613",
      "unicode_decimal": 58899
    },
    {
      "icon_id": "14917817",
      "name": "金钱",
      "font_class": "jinqian",
      "unicode": "e60f",
      "unicode_decimal": 58895
    }
  ]
}
